{"cameraMode":{"drawMode":0,"name":"Shaded","section":"Shading Mode"},"sceneLighting":false,"audioPlay":false,"sceneViewState":{"m_AlwaysRefresh":false,"showFog":true,"showSkybox":false,"showFlares":true,"showImageEffects":true,"showParticleSystems":true,"showVisualEffectGraphs":true,"m_FxEnabled":true},"in2DMode":false,"pivot":{"x":-0.0000024419277906417848,"y":0.0,"z":0.0000024437904357910158},"rotation":{"x":-0.0071280524134635929,"y":0.5473389625549316,"z":0.004676622338593006,"w":0.8368833065032959},"size":0.14453105628490449,"orthographic":false}