{"cameraMode":{"drawMode":0,"name":"Shaded","section":"Shading Mode"},"sceneLighting":true,"audioPlay":false,"sceneViewState":{"m_AlwaysRefresh":false,"showFog":true,"showSkybox":false,"showFlares":true,"showImageEffects":true,"showParticleSystems":true,"showVisualEffectGraphs":true,"m_FxEnabled":true},"in2DMode":false,"pivot":{"x":1006.1128540039063,"y":750.293212890625,"z":24.0682373046875},"rotation":{"x":0.04588191211223602,"y":-0.0029967629816383125,"z":0.00013758146087639034,"w":0.9989454746246338},"size":312.3712463378906,"orthographic":false}