{"cameraMode":{"drawMode":0,"name":"Shaded","section":"Shading Mode"},"sceneLighting":false,"audioPlay":false,"sceneViewState":{"m_AlwaysRefresh":false,"showFog":true,"showSkybox":false,"showFlares":true,"showImageEffects":true,"showParticleSystems":true,"showVisualEffectGraphs":true,"m_FxEnabled":true},"in2DMode":false,"pivot":{"x":-0.0000015236437320709229,"y":-0.0000012740492820739747,"z":2.0489096641540528e-7},"rotation":{"x":-0.0071280524134635929,"y":0.5473389625549316,"z":0.004676622338593006,"w":0.8368833065032959},"size":0.09680958092212677,"orthographic":false}