{"cameraMode":{"drawMode":0,"name":"Shaded","section":"Shading Mode"},"sceneLighting":false,"audioPlay":false,"sceneViewState":{"m_AlwaysRefresh":false,"showFog":true,"showSkybox":false,"showFlares":true,"showImageEffects":true,"showParticleSystems":true,"showVisualEffectGraphs":true,"m_FxEnabled":true},"in2DMode":false,"pivot":{"x":-9.164214134216309e-7,"y":-3.725290298461914e-8,"z":5.960464477539063e-7},"rotation":{"x":-0.0071280524134635929,"y":0.5473389625549316,"z":0.004676622338593006,"w":0.8368833065032959},"size":0.5624991655349731,"orthographic":false}