{"cameraMode":{"drawMode":0,"name":"Shaded","section":"Shading Mode"},"sceneLighting":false,"audioPlay":false,"sceneViewState":{"m_AlwaysRefresh":false,"showFog":true,"showSkybox":false,"showFlares":true,"showImageEffects":true,"showParticleSystems":true,"showVisualEffectGraphs":true,"m_FxEnabled":true},"in2DMode":false,"pivot":{"x":-30.764923095703126,"y":4.164945602416992,"z":-74.31388854980469},"rotation":{"x":0.09333135187625885,"y":0.013637500815093518,"z":-0.0012675508623942733,"w":0.9955543279647827},"size":12.12435531616211,"orthographic":false}